keyword,search_volume,difficulty,funnel_stage,primary_pillar,target_persona
data integration platform,2400,68,MOFU,Unified Pipeline,CTO
ETL vs ELT for startups,850,42,TOFU,Efficiency,Data Engineer
automated data pipeline tools,1200,55,BOFU,Rivet Platform,Head of Data
real-time data synchronization,900,51,MOFU,Connectivity,Product Manager
bi-directional sync benefits,450,34,TOFU,Unified Pipeline,Founder
SaaS data orchestration,600,48,MOFU,Scalability,Data Architect
single source of truth architecture,1100,62,TOFU,Unified Pipeline,CTO
API integration automation,1500,59,MOFU,Connectivity,Backend Lead
data silo elimination,700,38,TOFU,Efficiency,Founder
low-code data engineering,1300,44,MOFU,Scalability,Data Engineer
enterprise data connectivity,800,65,BOFU,Connectivity,VP Engineering
scaling data infrastructure,550,53,TOFU,Scalability,CTO
Rivet vs Fivetran,400,72,BOFU,Rivet Platform,Data Architect
cloud data warehouse integration,1800,60,MOFU,Unified Pipeline,Data Engineer
automated pipeline maintenance,350,31,BOFU,Efficiency,Data Engineer
customer data platform strategy,2100,70,MOFU,Unified Pipeline,Marketing Ops
legacy system modernization,950,58,TOFU,Efficiency,CTO
operational analytics workflows,650,45,MOFU,Scalability,Product Manager
data-driven decision making tools,1400,52,TOFU,Unified Pipeline,Founder
custom connector development,300,28,BOFU,Connectivity,Data Engineer
zero-maintenance data pipelines,500,41,BOFU,Efficiency,VP Engineering
multi-cloud data strategy,900,64,TOFU,Scalability,CTO
real-time dashboard sync,750,47,MOFU,Connectivity,Product Manager
secure data transmission protocols,600,55,BOFU,Rivet Platform,Security Lead
high-volume data ingestion,1100,59,MOFU,Scalability,Data Architect
